{
    "embedding": 0.35524368,
    "layer": 0.46348571,
    "loss": 46.86880111,
    "backward_time": 2.451896667,
    "check_overflow": 114.67051506
}